{"generation": 100, "evaluations": 6631, "config": {"global_seed": 13, "num_jobs": 1, "max_generations": 1000, "stopping_criteria": 1e-06, "minimizing_fitness": true, "ideal_fitness": 1e-06, "silent_algorithm": false, "silent_evolver": false, "minimalistic_output": true, "num_outputs": 1, "report_interval": 100, "max_time": 60, "checkpoint_interval": 100, "checkpoint_dir": "checkpoints", "experiment_name": "my_experiment", "num_inputs": 1, "num_function_nodes": 10, "num_functions": 4, "max_arity": 2, "report_every_improvement": false, "genes_per_node": 3, "num_genes": 31}, "hyperparameters": {"mu": 1, "lmbda": 32, "population_size": 33, "levels_back": 2, "strict_selection": true, "mutation_rate": 0.1, "mutation_rate_genes": null, "space": {"mu": [1, 4], "lmbda": [1, 1024], "strict_selection": [true, false], "mutation_rate": [0.0, 1.0]}}, "erc": [], "population": [[[2, 0, 0, 1, 0, 0, 1, 1, 1, 1, 3, 2, 3, 3, 3, 2, 4, 4, 2, 6, 6, 1, 7, 7, 1, 8, 8, 2, 9, 9, 10], 1.3720872836766715], [[2, 0, 0, 1, 0, 0, 1, 1, 1, 1, 3, 3, 3, 3, 3, 2, 4, 4, 2, 6, 5, 1, 7, 7, 1, 8, 8, 2, 9, 9, 10], 1.3720872836766715], [[2, 0, 0, 1, 0, 0, 1, 1, 1, 1, 3, 2, 3, 3, 3, 2, 4, 4, 2, 6, 6, 1, 7, 7, 1, 8, 8, 2, 9, 9, 10], 1.3720872836766715], [[2, 0, 0, 1, 0, 0, 2, 1, 1, 1, 3, 2, 3, 3, 3, 2, 5, 4, 2, 6, 6, 1, 7, 7, 1, 8, 8, 2, 9, 9, 10], 1.3720872836766715], [[2, 0, 0, 2, 0, 0, 1, 1, 1, 1, 3, 2, 3, 3, 3, 2, 4, 4, 2, 6, 6, 1, 7, 7, 1, 8, 8, 2, 9, 9, 10], 1.3720872836766715], [[2, 0, 0, 1, 0, 0, 1, 1, 1, 1, 3, 2, 3, 3, 3, 2, 4, 4, 2, 6, 6, 2, 7, 7, 1, 8, 8, 2, 9, 9, 10], 1.3720872836766715], [[1, 0, 0, 1, 0, 0, 1, 1, 1, 1, 3, 2, 3, 3, 3, 2, 4, 4, 2, 6, 6, 1, 7, 7, 1, 8, 8, 2, 9, 9, 8], 1.3720872836766715], [[2, 0, 0, 1, 0, 0, 1, 1, 1, 1, 3, 2, 1, 3, 3, 2, 4, 4, 2, 6, 6, 1, 7, 7, 1, 8, 8, 2, 9, 9, 10], 1.3720872836766715], [[2, 0, 0, 1, 0, 0, 1, 1, 1, 1, 3, 2, 3, 3, 3, 2, 4, 4, 2, 6, 6, 1, 7, 7, 1, 8, 8, 2, 9, 9, 10], 1.3720872836766715], [[2, 0, 0, 1, 0, 0, 1, 1, 1, 1, 3, 2, 3, 3, 3, 2, 4, 5, 2, 6, 6, 1, 7, 7, 1, 8, 8, 2, 9, 9, 10], 1.3720872836766715], [[2, 0, 0, 1, 0, 0, 1, 1, 1, 1, 3, 2, 1, 3, 3, 2, 4, 4, 2, 6, 6, 0, 7, 7, 1, 8, 8, 2, 9, 9, 10], 1.3720872836766715], [[2, 0, 0, 1, 0, 0, 1, 1, 1, 1, 3, 2, 3, 3, 3, 2, 4, 4, 2, 6, 6, 1, 7, 7, 1, 8, 8, 2, 9, 9, 10], 1.3720872836766715], [[1, 0, 0, 1, 0, 0, 1, 1, 1, 1, 3, 2, 3, 3, 3, 2, 4, 4, 2, 6, 6, 1, 7, 7, 1, 8, 8, 2, 9, 9, 10], 1.3720872836766715], [[2, 0, 0, 1, 0, 0, 1, 2, 1, 1, 3, 2, 3, 3, 3, 2, 4, 4, 2, 6, 6, 1, 7, 7, 1, 8, 8, 2, 9, 9, 10], 1.3720872836766715], [[2, 0, 0, 1, 0, 0, 1, 1, 1, 1, 3, 2, 3, 3, 3, 2, 4, 4, 2, 6, 6, 2, 7, 7, 1, 8, 8, 2, 9, 9, 10], 1.3720872836766715], [[2, 0, 0, 1, 0, 0, 1, 1, 1, 1, 3, 2, 2, 3, 3, 2, 4, 4, 2, 6, 6, 1, 7, 7, 1, 8, 8, 2, 9, 9, 10], 1.3720872836766715], [[2, 0, 0, 1, 0, 0, 1, 1, 1, 1, 3, 2, 3, 3, 3, 2, 4, 4, 2, 6, 6, 1, 7, 7, 0, 8, 8, 2, 9, 9, 10], 1.3720872836766715], [[2, 0, 0, 1, 0, 0, 1, 1, 1, 1, 3, 2, 3, 3, 3, 2, 4, 4, 2, 6, 6, 1, 7, 7, 1, 8, 8, 2, 9, 9, 6], 1.3720872836766715], [[2, 0, 0, 1, 0, 0, 1, 1, 2, 1, 3, 2, 3, 3, 3, 2, 4, 4, 2, 6, 6, 1, 7, 7, 1, 8, 8, 2, 9, 9, 10], 1.3720872836766715], [[2, 0, 0, 1, 0, 0, 1, 1, 1, 1, 3, 2, 3, 3, 3, 2, 4, 4, 2, 6, 6, 1, 6, 7, 1, 8, 8, 2, 9, 9, 10], 1.3720872836766715], [[2, 0, 0, 1, 0, 1, 1, 1, 1, 1, 3, 2, 3, 3, 3, 2, 4, 4, 2, 6, 6, 1, 7, 6, 1, 8, 8, 2, 9, 8, 10], 1.3720872836766715], [[2, 0, 0, 1, 0, 1, 1, 1, 1, 1, 3, 2, 3, 3, 3, 2, 4, 4, 2, 5, 5, 1, 7, 7, 1, 8, 8, 2, 9, 9, 10], 1.3720872836766715], [[2, 0, 0, 1, 0, 1, 1, 1, 1, 1, 3, 2, 3, 3, 3, 2, 4, 4, 3, 6, 6, 1, 7, 7, 1, 8, 8, 2, 9, 9, 10], 1.3720872836766715], [[2, 0, 0, 1, 0, 0, 1, 1, 1, 1, 3, 2, 3, 3, 3, 2, 4, 4, 2, 5, 6, 1, 7, 7, 1, 8, 8, 2, 9, 9, 10], 1.3720872836766715], [[2, 0, 0, 1, 0, 0, 1, 1, 1, 1, 3, 2, 3, 3, 3, 2, 4, 4, 2, 6, 6, 0, 7, 7, 1, 8, 8, 2, 9, 9, 10], 1.3720872836766715], [[2, 0, 0, 1, 1, 0, 1, 1, 1, 1, 3, 2, 3, 3, 3, 2, 4, 4, 2, 6, 6, 1, 7, 7, 1, 8, 8, 2, 9, 9, 0], 9.115654425371075], [[2, 0, 0, 1, 0, 0, 1, 1, 1, 1, 3, 2, 3, 3, 3, 2, 4, 4, 2, 6, 6, 1, 7, 7, 2, 8, 7, 2, 8, 9, 10], 1.3720872836766715], [[2, 0, 0, 1, 0, 0, 1, 1, 1, 1, 3, 2, 3, 3, 3, 3, 4, 4, 2, 6, 6, 1, 7, 7, 1, 8, 8, 2, 9, 9, 10], 1.3720872836766715], [[2, 0, 0, 1, 0, 0, 1, 1, 1, 1, 3, 2, 3, 3, 3, 2, 4, 4, 2, 6, 5, 1, 7, 7, 1, 8, 8, 2, 9, 9, 6], 1.3720872836766715], [[2, 0, 0, 1, 1, 0, 1, 1, 1, 1, 3, 2, 3, 3, 3, 2, 4, 4, 2, 6, 6, 1, 7, 7, 1, 8, 8, 2, 9, 9, 10], 1.3720872836766715], [[2, 0, 0, 1, 0, 0, 1, 1, 1, 1, 3, 2, 2, 3, 3, 2, 4, 4, 2, 6, 6, 1, 7, 7, 3, 8, 8, 2, 9, 9, 10], 18.627912716323326], [[2, 0, 0, 2, 0, 0, 1, 1, 1, 1, 3, 2, 0, 3, 3, 2, 4, 4, 2, 6, 6, 1, 7, 7, 1, 8, 8, 2, 9, 9, 10], 1.3720872836766715], [[2, 0, 0, 1, 0, 0, 1, 1, 1, 1, 3, 2, 3, 3, 3, 2, 4, 4, 2, 6, 6, 1, 7, 7, 1, 8, 8, 2, 9, 9, 10], 1.3720872836766715]]}