{"generation": 700, "evaluations": 13098, "config": {"global_seed": 13, "num_jobs": 1, "max_generations": 1000, "stopping_criteria": 1e-06, "minimizing_fitness": true, "ideal_fitness": 1e-06, "silent_algorithm": false, "silent_evolver": false, "minimalistic_output": true, "num_outputs": 1, "report_interval": 100, "max_time": 60, "checkpoint_interval": 100, "checkpoint_dir": "checkpoints", "experiment_name": "my_experiment", "num_inputs": 1, "num_function_nodes": 10, "num_functions": 4, "max_arity": 2, "report_every_improvement": false, "genes_per_node": 3, "num_genes": 31}, "hyperparameters": {"mu": 1, "lmbda": 32, "population_size": 33, "levels_back": 2, "strict_selection": true, "mutation_rate": 0.1, "mutation_rate_genes": null, "space": {"mu": [1, 4], "lmbda": [1, 1024], "strict_selection": [true, false], "mutation_rate": [0.0, 1.0]}}, "erc": [], "population": [[[2, 0, 0, 1, 0, 1, 2, 2, 1, 1, 3, 2, 3, 3, 3, 2, 4, 4, 1, 6, 6, 1, 6, 7, 2, 7, 8, 2, 8, 8, 10], 0.6589293265177505], [[2, 0, 0, 0, 0, 1, 2, 2, 1, 1, 3, 2, 3, 3, 3, 2, 4, 4, 1, 6, 6, 1, 6, 7, 2, 7, 8, 2, 9, 8, 10], 1.3720872836766715], [[2, 0, 0, 1, 0, 1, 2, 2, 1, 1, 3, 2, 3, 3, 3, 2, 5, 4, 1, 6, 6, 1, 6, 7, 2, 7, 8, 2, 9, 8, 10], 1.3720872836766715], [[2, 0, 0, 1, 0, 1, 2, 2, 1, 2, 3, 2, 3, 3, 3, 2, 4, 4, 1, 6, 6, 1, 6, 7, 2, 7, 8, 2, 8, 9, 10], 1.3720872836766715], [[2, 0, 0, 1, 0, 1, 2, 2, 1, 1, 3, 2, 3, 3, 3, 2, 4, 4, 1, 6, 6, 1, 6, 7, 2, 7, 8, 2, 8, 8, 10], 0.9639653682137648], [[2, 0, 0, 1, 0, 1, 0, 2, 1, 1, 3, 2, 3, 3, 3, 2, 4, 4, 0, 6, 6, 1, 6, 7, 2, 7, 8, 2, 8, 8, 10], 2.228893751416388], [[2, 0, 0, 1, 0, 0, 2, 2, 1, 1, 3, 2, 3, 3, 3, 2, 4, 4, 1, 6, 6, 1, 6, 7, 2, 7, 7, 2, 8, 8, 10], 1.3720872836766715], [[2, 0, 0, 1, 0, 1, 2, 2, 1, 1, 3, 2, 3, 3, 3, 2, 4, 4, 1, 6, 6, 1, 6, 7, 2, 7, 8, 2, 8, 8, 1], 4.951874713015455], [[2, 0, 0, 1, 0, 1, 2, 2, 1, 1, 3, 2, 3, 3, 3, 2, 4, 4, 2, 6, 6, 1, 6, 7, 2, 7, 8, 2, 8, 8, 10], 1.18962924087509], [[2, 0, 0, 1, 0, 1, 2, 2, 2, 1, 3, 2, 3, 3, 3, 2, 4, 4, 1, 6, 6, 1, 6, 7, 2, 7, 8, 2, 8, 8, 10], 95.16105404302616], [[2, 0, 0, 1, 0, 1, 1, 2, 1, 0, 3, 2, 3, 3, 3, 2, 4, 5, 1, 6, 6, 1, 6, 7, 2, 7, 8, 2, 8, 8, 10], 22.748422359773457], [[2, 0, 0, 1, 0, 1, 2, 2, 1, 1, 3, 2, 3, 3, 3, 2, 4, 4, 1, 5, 6, 1, 6, 7, 2, 7, 8, 2, 8, 8, 10], 14.811985091126687], [[2, 0, 0, 1, 0, 1, 2, 2, 1, 3, 3, 2, 3, 4, 3, 2, 4, 4, 1, 6, 6, 1, 6, 7, 2, 7, 8, 2, 8, 8, 10], 9.260418415520778], [[2, 0, 0, 1, 0, 1, 2, 2, 1, 0, 3, 2, 3, 3, 3, 2, 4, 5, 1, 6, 6, 1, 6, 7, 2, 7, 8, 2, 8, 8, 10], 7.406512036195442], [[2, 0, 0, 1, 0, 1, 2, 2, 1, 1, 3, 2, 3, 3, 3, 2, 4, 4, 1, 6, 6, 0, 6, 7, 2, 8, 8, 2, 8, 8, 10], 0.9639653682137648], [[2, 0, 0, 1, 0, 1, 2, 2, 1, 1, 3, 2, 2, 3, 3, 2, 4, 4, 1, 6, 6, 1, 6, 7, 2, 8, 8, 2, 8, 8, 10], 0.9639653682137648], [[2, 0, 0, 1, 0, 1, 2, 2, 1, 1, 3, 2, 3, 3, 3, 2, 4, 4, 3, 6, 6, 1, 6, 7, 2, 8, 8, 2, 8, 8, 10], 16.077133516263803], [[2, 0, 0, 1, 0, 1, 2, 2, 1, 1, 3, 2, 3, 3, 3, 2, 4, 4, 3, 6, 6, 1, 6, 7, 2, 7, 8, 2, 8, 8, 10], 16.077133516263803], [[2, 0, 0, 1, 0, 1, 2, 2, 1, 1, 3, 2, 3, 4, 3, 2, 4, 4, 1, 6, 6, 0, 6, 7, 2, 7, 8, 2, 8, 8, 10], 0.9639653682137648], [[2, 0, 0, 1, 0, 1, 2, 2, 1, 2, 3, 2, 3, 3, 3, 2, 4, 4, 1, 6, 6, 1, 6, 7, 1, 7, 8, 2, 8, 8, 10], 1.4270068209440145], [[2, 0, 0, 1, 0, 1, 2, 2, 1, 1, 3, 2, 3, 3, 3, 2, 4, 4, 1, 6, 6, 0, 6, 7, 2, 7, 8, 2, 8, 8, 10], 0.9639653682137648], [[2, 0, 0, 1, 0, 1, 2, 2, 1, 1, 3, 2, 3, 3, 3, 2, 4, 5, 1, 6, 6, 1, 6, 7, 2, 7, 8, 2, 8, 8, 10], 1.4332707736793098], [[2, 0, 0, 1, 0, 1, 2, 2, 1, 1, 3, 2, 0, 3, 3, 2, 4, 4, 1, 6, 6, 1, 6, 7, 2, 7, 8, 2, 8, 8, 10], 0.9639653682137648], [[2, 0, 0, 1, 0, 1, 2, 2, 1, 1, 3, 2, 3, 3, 3, 2, 4, 4, 1, 6, 6, 0, 6, 7, 2, 7, 8, 2, 8, 8, 10], 0.9639653682137648], [[2, 0, 0, 1, 0, 1, 2, 2, 1, 1, 3, 2, 0, 3, 3, 2, 4, 4, 1, 6, 6, 1, 6, 7, 2, 7, 8, 2, 8, 8, 6], 1.4332707736793098], [[2, 0, 0, 1, 0, 1, 2, 2, 1, 1, 2, 2, 3, 3, 3, 2, 4, 4, 1, 5, 6, 1, 6, 7, 2, 7, 8, 2, 8, 8, 10], 18.627912716323326], [[2, 0, 0, 0, 0, 1, 2, 2, 1, 1, 3, 2, 3, 3, 3, 2, 4, 4, 1, 6, 6, 1, 6, 7, 3, 7, 8, 2, 8, 8, 10], 0.8217693519363769], [[2, 0, 0, 1, 0, 1, 2, 2, 1, 1, 3, 2, 0, 3, 3, 2, 4, 4, 1, 6, 6, 1, 6, 7, 2, 8, 8, 2, 8, 8, 10], 0.9639653682137648], [[2, 0, 0, 1, 0, 1, 2, 2, 1, 1, 3, 2, 3, 3, 3, 2, 4, 4, 1, 6, 5, 1, 6, 7, 2, 7, 8, 2, 8, 8, 10], 18.627912716323326], [[2, 0, 0, 1, 0, 1, 2, 2, 1, 1, 3, 2, 1, 3, 3, 2, 4, 4, 1, 6, 6, 1, 6, 7, 2, 7, 8, 2, 8, 9, 10], 1.3720872836766715], [[2, 0, 0, 1, 0, 1, 2, 2, 1, 1, 2, 2, 3, 3, 3, 0, 4, 4, 1, 6, 6, 1, 6, 7, 2, 7, 8, 0, 8, 8, 10], 1.3720872836766715], [[2, 0, 0, 1, 0, 1, 2, 2, 1, 1, 3, 2, 3, 3, 3, 2, 4, 4, 1, 6, 6, 1, 6, 7, 2, 7, 8, 2, 9, 8, 10], 1.3720872836766715], [[2, 0, 0, 1, 0, 1, 2, 2, 1, 1, 3, 2, 3, 3, 3, 2, 4, 4, 1, 6, 6, 1, 6, 7, 2, 7, 8, 2, 8, 8, 10], 0.9639653682137648]]}